{
  "version": 1,
  "author": "Anonymous maker",
  "editor": "wokwi",
  "parts": [
    { "type": "wokwi-arduino-uno", "id": "uno", "top": 0, "left": 0, "attrs": {} },
    { "type": "wokwi-led", "id": "led1", "top": -99.6, "left": 13.4, "attrs": { "color": "red" } },
    {
      "type": "wokwi-led",
      "id": "led2",
      "top": -99.6,
      "left": 128.6,
      "attrs": { "color": "limegreen" }
    },
    {
      "type": "wokwi-led",
      "id": "led3",
      "top": -99.6,
      "left": 71,
      "attrs": { "color": "yellow" }
    },
    {
      "type": "wokwi-resistor",
      "id": "r1",
      "top": -44.05,
      "left": -134.4,
      "attrs": { "value": "200" }
    },
    {
      "type": "wokwi-resistor",
      "id": "r2",
      "top": -72.85,
      "left": -134.4,
      "attrs": { "value": "200" }
    },
    {
      "type": "wokwi-resistor",
      "id": "r3",
      "top": -15.25,
      "left": -134.4,
      "attrs": { "value": "200" }
    },
    {
      "type": "wokwi-pushbutton-6mm",
      "id": "btn1",
      "top": -88.6,
      "left": -67.2,
      "attrs": { "color": "green", "bounce": "1" }
    },
    {
      "type": "wokwi-pushbutton-6mm",
      "id": "btn2",
      "top": -31,
      "left": -67.2,
      "attrs": { "color": "green", "bounce": "1" }
    },
    {
      "type": "wokwi-pushbutton-6mm",
      "id": "btn3",
      "top": -59.8,
      "left": -67.2,
      "attrs": { "color": "green", "bounce": "1" }
    }
  ],
  "connections": [
    [ "r3:2", "btn2:2.l", "green", [ "v0" ] ],
    [ "r1:2", "btn3:2.l", "green", [ "v0" ] ],
    [ "r2:2", "btn1:2.l", "green", [ "v0" ] ],
    [ "r3:1", "uno:GND.2", "green", [ "v230.4", "h297.6" ] ],
    [ "r1:1", "uno:GND.2", "green", [ "v259.2", "h307.2" ] ],
    [ "r2:1", "uno:GND.2", "green", [ "v288", "h307.2" ] ],
    [ "btn1:1.r", "uno:11", "green", [ "v0", "h39.2", "v57.6", "h153.6" ] ],
    [ "btn1:2.r", "uno:5V", "green", [ "h20", "v278.8", "h182.4" ] ],
    [ "btn3:2.r", "uno:5V", "green", [ "h20", "v250", "h172.8" ] ],
    [ "btn2:2.r", "uno:5V", "green", [ "h20", "v221.2", "h182.4" ] ],
    [ "led1:C", "uno:GND.1", "green", [ "v28.8", "h86.8" ] ],
    [ "led3:C", "uno:GND.1", "green", [ "v28.8", "h29.2" ] ],
    [ "led2:C", "uno:GND.1", "green", [ "v28.8", "h-28.4" ] ],
    [ "led2:A", "uno:0", "green", [ "v38.4", "h96" ] ],
    [ "led3:A", "uno:1", "green", [ "v19.2", "h57.6", "v19.2", "h86.4" ] ],
    [ "led1:A", "uno:2", "green", [ "v19.2", "h115.2", "v19.2", "h86.4" ] ],
    [ "btn3:1.r", "uno:12", "green", [ "v0", "h39.2", "v28.8", "h124.8" ] ],
    [ "btn2:1.r", "uno:13", "green", [ "v0", "h164" ] ]
  ],
  "dependencies": {}
}