{
  "version": 1,
  "author": "Anonymous maker",
  "editor": "wokwi",
  "parts": [
    { "type": "wokwi-arduino-uno", "id": "uno", "top": 0, "left": 0, "attrs": {} },
    {
      "type": "wokwi-led",
      "id": "led1",
      "top": -106.4,
      "left": 11,
      "rotate": 270,
      "attrs": { "color": "green" }
    },
    {
      "type": "wokwi-led",
      "id": "led2",
      "top": -135.2,
      "left": 11,
      "rotate": 270,
      "attrs": { "color": "yellow" }
    },
    {
      "type": "wokwi-led",
      "id": "led3",
      "top": -164,
      "left": 11,
      "rotate": 270,
      "attrs": { "color": "red" }
    },
    {
      "type": "wokwi-led",
      "id": "led4",
      "top": -106.8,
      "left": 323.4,
      "rotate": 90,
      "attrs": { "color": "green" }
    },
    {
      "type": "wokwi-led",
      "id": "led5",
      "top": -164.4,
      "left": 323.4,
      "rotate": 90,
      "attrs": { "color": "red" }
    },
    {
      "type": "wokwi-led",
      "id": "led6",
      "top": -135.6,
      "left": 323.4,
      "rotate": 90,
      "attrs": { "color": "yellow" }
    },
    {
      "type": "wokwi-led",
      "id": "led7",
      "top": -214.8,
      "left": 128.6,
      "attrs": { "color": "red" }
    },
    {
      "type": "wokwi-led",
      "id": "led8",
      "top": -214.8,
      "left": 157.4,
      "attrs": { "color": "yellow" }
    },
    {
      "type": "wokwi-led",
      "id": "led9",
      "top": -214.8,
      "left": 186.2,
      "attrs": { "color": "green" }
    }
  ],
  "connections": [
    [ "led4:A", "uno:0", "red", [ "h-57.6" ] ],
    [ "led6:A", "uno:1", "red", [ "h0" ] ],
    [ "led5:A", "uno:2", "red", [ "h0" ] ],
    [ "led9:A", "uno:5", "orange", [ "v0" ] ],
    [ "led8:A", "uno:6", "orange", [ "v38.4", "h19.2" ] ],
    [ "led7:A", "uno:7", "orange", [ "v48", "h28.8" ] ],
    [ "led4:C", "uno:GND.1", "green", [ "h0" ] ],
    [ "led6:C", "uno:GND.1", "green", [ "h-19.2", "v29.2", "h-192" ] ],
    [ "led5:C", "uno:GND.1", "green", [ "h-19.2", "v58", "h-192" ] ],
    [ "led9:C", "uno:GND.1", "green", [ "v19.2", "h-86" ] ],
    [ "led8:C", "uno:GND.1", "green", [ "v19.2", "h-57.2" ] ],
    [ "led7:C", "uno:GND.1", "green", [ "v19.2", "h-28.4" ] ],
    [ "led1:C", "uno:GND.1", "green", [ "h67.2", "v9.2" ] ],
    [ "led2:C", "uno:GND.1", "green", [ "h0" ] ],
    [ "led3:C", "uno:GND.1", "green", [ "h0" ] ],
    [ "led2:A", "uno:11", "white", [ "h28.8", "v96", "h76.8" ] ],
    [ "led1:A", "uno:12", "white", [ "h28.8", "v67.2", "h57.6" ] ],
    [ "led3:A", "uno:13", "white", [ "h28.8", "v124.8", "h48" ] ]
  ],
  "dependencies": {}
}